pillar,topic,hook,cta
seller,Sale preparation,If you are thinking about selling your business, start with the numbers,Send me a message if you want to talk through readiness
seller,Owner dependence,One of the biggest issues buyers notice is owner dependence,Try the readiness check
seller,Timing,Good timing can improve the whole sale process,Get in touch for a confidential chat
seller,Financial clarity,Messy financials can weaken a good business in a buyer's eyes,Send me a message if you are preparing for sale
seller,Presentation,A well-run business can still look weak if the story is unclear,Try the readiness check
seller,Common mistake,Many sellers prepare too late,Get in touch for a private conversation
seller,Buyer questions,Before going to market ask yourself what a buyer will question first,Send me a message
seller,Sale readiness,Not every business is ready to sell now and that is fine,Try the readiness check
seller,Revenue quality,Revenue quality matters as much as revenue size,Get in touch if you want a clearer view
seller,Confidentiality,Sellers often worry about confidentiality for good reason,Message me if you want to talk it through
buyer,Due diligence,A business may look good at first glance and still hide risk,Get in touch if you are assessing an opportunity
buyer,Red flags,Three red flags buyers should never ignore,Message me if you are looking at a business purchase
buyer,Questions to ask,Before making an offer ask better questions,Get in touch if you want guidance
buyer,Owner reliance,Can the business operate without the owner,Happy to chat if you are exploring a purchase
buyer,Recurring revenue,Not all revenue is equally reliable,Message me if you are reviewing a business
buyer,Fit,The right business on paper is not always the right business for the buyer,Get in touch
buyer,Margins,Look beyond turnover and look hard at margins,Send me a message
buyer,Team risk,Staff risk matters more than many buyers think,Happy to chat
education,Broker role,What does a business broker actually do,Get in touch if you are exploring options
education,Sale process,What usually happens in a business sale process,Send me a message if you want a simple overview
education,Confidential buyer screening,Not every buyer enquiry is equal,Get in touch
education,Readiness,How to know whether your business is ready for market,Try the readiness check
education,Valuation expectations,Value expectations and market reality are not always the same,Message me for a private conversation
education,Preparation,Preparation often changes the quality of buyer interest,Try the readiness check
personal,Communication,Clear communication matters more than jargon in business sales,Send me a message if you want a straightforward conversation
personal,Trust,People want clarity when buying or selling a business,Get in touch
personal,Learning,A lesson from working with buyers and sellers in New Zealand,Happy to chat
personal,Multilingual support,Being able to communicate clearly across languages can make a difference,Send me a message
personal,Professional style,I prefer practical advice over complicated language,Get in touch
personal,Why I do this,Helping people make informed business decisions matters,Message me if you are exploring your options
